ID,Language,EnglishPrompt,Target,InputHint,PartOfSpeech
200000,German,house,Haus,,
200001,German,man,Mann,,
200002,German,woman,Frau,,
200003,German,child,Kind,,
200004,German,big,groß,,
200005,German,small,klein,,
200006,German,good,gut,,
200007,German,bad,schlecht,,
200008,German,the house,das Haus,,
200009,German,the man,der Mann,,
200010,German,the woman,die Frau,,
200011,German,the child,das Kind,,
200012,German,The house is big.,Das Haus ist groß.,,
200013,German,The man is good.,Der Mann ist gut.,,
200014,German,The woman is good.,Die Frau ist gut.,,
200015,German,The child is small.,Das Kind ist klein.,,
200016,German,I am here.,Ich bin hier.,,
200017,German,You are here. (singular informal),Du bist hier.,,
200018,German,He is here.,Er ist hier.,,
200019,German,She is here.,Sie ist hier.,,
200020,German,a house,ein Haus,,
200021,German,a man,ein Mann,,
200022,German,a woman,eine Frau,,
200023,German,a child,ein Kind,,
200024,German,book,Buch,,
200025,German,a book,ein Buch,,
200026,German,car,Auto,,
200027,German,a car,ein Auto,,
200028,German,to have,haben,,
200029,German,I have a book.,Ich habe ein Buch.,,
200030,German,You have a car. (singular informal),Du hast ein Auto.,,
200031,German,The woman has a book.,Die Frau hat ein Buch.,,
200032,German,The man has a car.,Der Mann hat ein Auto.,,
200033,German,The child has a book.,Das Kind hat ein Buch.,,
200034,German,dog,Hund,,
200035,German,a dog,ein Hund,,
200036,German,I have a dog.,Ich habe einen Hund.,,
200037,German,The woman has a dog.,Die Frau hat einen Hund.,,
200038,German,The man has the dog.,Der Mann hat den Hund.,,
200039,German,The child has the dog.,Das Kind hat den Hund.,,
200040,German,cat,Katze,,
200041,German,a cat,eine Katze,,
200042,German,I have a cat.,Ich habe eine Katze.,,
200043,German,The man has a cat.,Der Mann hat eine Katze.,,
200044,German,The child has the cat.,Das Kind hat die Katze.,,
200045,German,The woman has the book.,Die Frau hat das Buch.,,
200046,German,houses,Häuser,,
200047,German,the houses,die Häuser,,
200048,German,The houses are big.,Die Häuser sind groß.,,
200049,German,children,Kinder,,
200050,German,The children are small.,Die Kinder sind klein.,,
200051,German,men,Männer,,
200052,German,The men are here.,Die Männer sind hier.,,
200053,German,women,Frauen,,
200054,German,The women are here.,Die Frauen sind hier.,,
200055,German,We are here.,Wir sind hier.,,
200056,German,You are here. (plural informal),Ihr seid hier.,,
200057,German,We have a car.,Wir haben ein Auto.,,
200058,German,You have a dog. (plural informal),Ihr habt einen Hund.,,
200059,German,They have the books.,Sie haben die Bücher.,,
200060,German,to see,sehen,,
200061,German,I see the woman.,Ich sehe die Frau.,,
200062,German,You see the man. (singular informal),Du siehst den Mann.,,
200063,German,The woman sees the child.,Die Frau sieht das Kind.,,
200064,German,The man sees the house.,Der Mann sieht das Haus.,,
200065,German,We see the dog.,Wir sehen den Hund.,,
200066,German,The children see the cat.,Die Kinder sehen die Katze.,,
200067,German,I see a man.,Ich sehe einen Mann.,,
200068,German,The man sees a woman.,Der Mann sieht eine Frau.,,
200069,German,The woman sees a car.,Die Frau sieht ein Auto.,,
200070,German,not,nicht,,
200071,German,The house is not big.,Das Haus ist nicht groß.,,
200072,German,The car is not small.,Das Auto ist nicht klein.,,
200073,German,I am not here.,Ich bin nicht hier.,,
200074,German,The man is not here.,Der Mann ist nicht hier.,,
200075,German,I don't see the dog.,Ich sehe den Hund nicht.,,
200076,German,The woman doesn't see the child.,Die Frau sieht das Kind nicht.,,
200077,German,We don't see the car.,Wir sehen das Auto nicht.,,
200078,German,The children don't see the man.,Die Kinder sehen den Mann nicht.,,
200079,German,You don't see the woman. (singular informal),Du siehst die Frau nicht.,,
200080,German,to buy,kaufen,,
200081,German,I buy a book.,Ich kaufe ein Buch.,,
200082,German,You buy a car. (singular informal),Du kaufst ein Auto.,,
200083,German,The woman buys a house.,Die Frau kauft ein Haus.,,
200084,German,The man buys a dog.,Der Mann kauft einen Hund.,,
200085,German,We buy the books.,Wir kaufen die Bücher.,,
200086,German,They buy the car.,Sie kaufen das Auto.,,
200087,German,Do you have a dog? (singular informal),Hast du einen Hund?,,
200088,German,Do you have a car? (singular informal),Hast du ein Auto?,,
200089,German,Does the woman have a book?,Hat die Frau ein Buch?,,
200090,German,Do the children have a dog?,Haben die Kinder einen Hund?,,
200091,German,Do you see the man? (singular informal),Siehst du den Mann?,,
200092,German,Does the man see the woman?,Sieht der Mann die Frau?,,
200093,German,Do you see the children? (plural informal),Seht ihr die Kinder?,,
200094,German,Do you buy the book? (singular informal),Kaufst du das Buch?,,
200095,German,Does the woman buy the car?,Kauft die Frau das Auto?,,
200096,German,Do they buy a house?,Kaufen sie ein Haus?,,
200097,German,Don't you see the dog? (singular informal),Siehst du den Hund nicht?,,
200098,German,Doesn't the man have a car?,Hat der Mann kein Auto?,,
200099,German,Doesn't the woman have a dog?,Hat die Frau keinen Hund?,,
200100,German,I don't have a car.,Ich habe kein Auto.,,
200101,German,The woman doesn't have a book.,Die Frau hat kein Buch.,,
200102,German,The man doesn't have a dog.,Der Mann hat keinen Hund.,,
200103,German,The child doesn't have a cat.,Das Kind hat keine Katze.,,
200104,German,We don't have a house.,Wir haben kein Haus.,,
200105,German,bread,Brot,,
200106,German,apple,Apfel,,
200107,German,water,Wasser,,
200108,German,to eat,essen,,
200109,German,I eat bread.,Ich esse Brot.,,
200110,German,The child eats an apple.,Das Kind isst einen Apfel.,,
200111,German,The man eats bread.,Der Mann isst Brot.,,
200112,German,We eat apples.,Wir essen Äpfel.,,
200113,German,Do you eat bread? (singular informal),Isst du Brot?,,
200114,German,Does the woman eat an apple?,Isst die Frau einen Apfel?,,
200115,German,The child doesn't eat bread.,Das Kind isst kein Brot.,,
200116,German,The man doesn't eat an apple.,Der Mann isst keinen Apfel.,,
200117,German,to drink,trinken,,
200118,German,I drink water.,Ich trinke Wasser.,,
200119,German,Do you drink water? (singular informal),Trinkst du Wasser?,,
200120,German,what,was,,
200121,German,What do you see? (singular informal),Was siehst du?,,
200122,German,What does the man see?,Was sieht der Mann?,,
200123,German,What do you have? (singular informal),Was hast du?,,
200124,German,What does the woman buy?,Was kauft die Frau?,,
200125,German,What does the child eat?,Was isst das Kind?,,
200126,German,who,wer,,
200127,German,Who is here?,Wer ist hier?,,
200128,German,Who has the book?,Wer hat das Buch?,,
200129,German,Who sees the dog?,Wer sieht den Hund?,,
200130,German,Who buys the car?,Wer kauft das Auto?,,
200131,German,where,wo,,
200132,German,Where is the child?,Wo ist das Kind?,,
200133,German,Where is the woman?,Wo ist die Frau?,,
200134,German,school,Schule,,
200135,German,in the school,in der Schule,,
200136,German,The child is in the school.,Das Kind ist in der Schule.,,
200137,German,Where is the man?,Wo ist der Mann?,,
200138,German,The woman is in the school.,Die Frau ist in der Schule.,,
200139,German,Is the woman in the school?,Ist die Frau in der Schule?,,
200140,German,to make / do,machen,,
200141,German,I make a cake.,Ich mache einen Kuchen.,,
200142,German,You make a cake. (singular informal),Du machst einen Kuchen.,,
200143,German,The woman makes a cake.,Die Frau macht einen Kuchen.,,
200144,German,We make a cake.,Wir machen einen Kuchen.,,
200145,German,You make a cake. (plural informal),Ihr macht einen Kuchen.,,
200146,German,They make a cake.,Sie machen einen Kuchen.,,
200147,German,cake,Kuchen,,
200148,German,a cake,ein Kuchen,,
200149,German,new,neu,,
200150,German,old,alt,,
200151,German,The car is new.,Das Auto ist neu.,,
200152,German,The house is old.,Das Haus ist alt.,,
200153,German,to go,gehen,,
200154,German,I go.,Ich gehe.,,
200155,German,You go. (singular informal),Du gehst.,,
200156,German,The child goes.,Das Kind geht.,,
200157,German,We go.,Wir gehen.,,
200158,German,You go. (plural informal),Ihr geht.,,
200159,German,They go.,Sie gehen.,,
200160,German,park,Park,,
200161,German,to the park,in den Park,,
200162,German,The child goes to the park.,Das Kind geht in den Park.,,
200163,German,We go to the park.,Wir gehen in den Park.,,
200164,German,Where are you going? (singular informal),Wohin gehst du?,,
200165,German,to drive / travel,fahren,,
200166,German,I drive.,Ich fahre.,,
200167,German,You drive. (singular informal),Du fährst.,,
200168,German,He drives.,Er fährt.,,
200169,German,We drive.,Wir fahren.,,
200170,German,They drive.,Sie fahren.,,
200171,German,to read,lesen,,
200172,German,I read the book.,Ich lese das Buch.,,
200173,German,You read the book. (singular informal),Du liest das Buch.,,
200174,German,The man reads the book.,Der Mann liest das Buch.,,
200175,German,We read the books.,Wir lesen die Bücher.,,
200176,German,to speak,sprechen,,
200177,German,German (language),Deutsch,,
200178,German,I speak German.,Ich spreche Deutsch.,,
200179,German,You speak German. (singular informal),Du sprichst Deutsch.,,
200180,German,The woman speaks German.,Die Frau spricht Deutsch.,,
200181,German,We speak German.,Wir sprechen Deutsch.,,
200182,German,today,heute,,
200183,German,Today I work.,Heute arbeite ich.,,
200184,German,Today we buy a car.,Heute kaufen wir ein Auto.,,
200185,German,Today the child reads the book.,Heute liest das Kind das Buch.,,
200186,German,tomorrow,morgen,,
200187,German,Tomorrow I work.,Morgen arbeite ich.,,
200188,German,Tomorrow we go to the park.,Morgen gehen wir in den Park.,,
200189,German,to live / reside,wohnen,,
200190,German,I live here.,Ich wohne hier.,,
200191,German,The woman lives here.,Die Frau wohnt hier.,,
200192,German,We live in the house.,Wir wohnen in dem Haus.,,
200193,German,Where do you live? (singular informal),Wo wohnst du?,,
200194,German,to get up,aufstehen,,
200195,German,I get up.,Ich stehe auf.,,
200196,German,You get up. (singular informal),Du stehst auf.,,
200197,German,The man gets up.,Der Mann steht auf.,,
200198,German,We get up.,Wir stehen auf.,,
200199,German,to shop,einkaufen,,
200200,German,I shop today.,Ich kaufe heute ein.,,
200201,German,The woman shops today.,Die Frau kauft heute ein.,,
200202,German,We shop tomorrow.,Wir kaufen morgen ein.,,
200203,German,to understand,verstehen,,
200204,German,I understand.,Ich verstehe.,,
200205,German,You understand. (singular informal),Du verstehst.,,
200206,German,The child understands.,Das Kind versteht.,,
200207,German,We understand.,Wir verstehen.,,
200208,German,to visit,besuchen,,
200209,German,I visit the woman.,Ich besuche die Frau.,,
200210,German,The man visits the child.,Der Mann besucht das Kind.,,
200211,German,We visit the man.,Wir besuchen den Mann.,,
200212,German,can / to be able to,können,,
200213,German,I can work.,Ich kann arbeiten.,,
200214,German,You can read. (singular informal),Du kannst lesen.,,
200215,German,The child can read.,Das Kind kann lesen.,,
200216,German,We can speak German.,Wir können Deutsch sprechen.,,
200217,German,You can drive. (plural informal),Ihr könnt fahren.,,
200218,German,They can work.,Sie können arbeiten.,,
200219,German,must / to have to,müssen,,
200220,German,I must work.,Ich muss arbeiten.,,
200221,German,You must go. (singular informal),Du musst gehen.,,
200222,German,The man must work.,Der Mann muss arbeiten.,,
200223,German,We must go.,Wir müssen gehen.,,
200224,German,They must work.,Sie müssen arbeiten.,,
200225,German,to want,wollen,,
200226,German,I want to go.,Ich will gehen.,,
200227,German,You want to read. (singular informal),Du willst lesen.,,
200228,German,The child wants to eat.,Das Kind will essen.,,
200229,German,We want to buy a house.,Wir wollen ein Haus kaufen.,,
200230,German,They want to drink water.,Sie wollen Wasser trinken.,,
200231,German,may / to be allowed to,dürfen,,
200232,German,I may go.,Ich darf gehen.,,
200233,German,You may play. (singular informal),Du darfst spielen.,,
200234,German,The child may eat the apple.,Das Kind darf den Apfel essen.,,
200235,German,We may buy the book.,Wir dürfen das Buch kaufen.,,
200236,German,to play,spielen,,
200237,German,I play.,Ich spiele.,,
200238,German,The children play.,Die Kinder spielen.,,
200239,German,Do the children play?,Spielen die Kinder?,,
200240,German,The children don't play.,Die Kinder spielen nicht.,,
200241,German,me (accusative),mich,,
200242,German,you (accusative singular informal),dich,,
200243,German,him (accusative),ihn,,
200244,German,us (accusative),uns,,
200245,German,you (accusative plural informal),euch,,
200246,German,The woman sees me.,Die Frau sieht mich.,,
200247,German,I see you. (singular informal),Ich sehe dich.,,
200248,German,The child sees him.,Das Kind sieht ihn.,,
200249,German,The man sees us.,Der Mann sieht uns.,,
200250,German,We see you. (plural informal),Wir sehen euch.,,
200251,German,my,mein,,
200252,German,your (singular informal),dein,,
200253,German,his,sein,,
200254,German,her,ihr,,
200255,German,our,unser,,
200256,German,your (plural informal),euer,,
200257,German,my book,mein Buch,,
200258,German,my car,mein Auto,,
200259,German,my dog,mein Hund,,
200260,German,my cat,meine Katze,,
200261,German,I see my dog.,Ich sehe meinen Hund.,,
200262,German,The woman buys her car.,Die Frau kauft ihr Auto.,,
200263,German,We visit our child.,Wir besuchen unser Kind.,,
200264,German,this (masculine nominative),dieser,,
200265,German,this (feminine nominative),diese,,
200266,German,this (neuter nominative),dieses,,
200267,German,this man,dieser Mann,,
200268,German,this woman,diese Frau,,
200269,German,this child,dieses Kind,,
200270,German,I see this man.,Ich sehe diesen Mann.,,
200271,German,I buy this book.,Ich kaufe dieses Buch.,,
200272,German,always,immer,,
200273,German,often,oft,,
200274,German,sometimes,manchmal,,
200275,German,never,nie,,
200276,German,The man always works.,Der Mann arbeitet immer.,,
200277,German,The woman often reads.,Die Frau liest oft.,,
200278,German,The child sometimes plays.,Das Kind spielt manchmal.,,
200279,German,I never drink water.,Ich trinke nie Wasser.,,
200280,German,now,jetzt,,
200281,German,Now I work.,Jetzt arbeite ich.,,
200282,German,Now the woman reads.,Jetzt liest die Frau.,,
200283,German,In the school the child reads.,In der Schule liest das Kind.,,
200284,German,whom,wen,,
200285,German,Whom do you see? (singular informal),Wen siehst du?,,
200286,German,Whom does the woman visit?,Wen besucht die Frau?,,
200287,German,Who sees the man?,Wer sieht den Mann?,,
200288,German,Who does the man see?,Wen sieht der Mann?,,
200289,German,with,mit,,
200290,German,with the man,mit dem Mann,,
200291,German,with the woman,mit der Frau,,
200292,German,with the child,mit dem Kind,,
200293,German,with the children,mit den Kindern,,
200294,German,I go with the man.,Ich gehe mit dem Mann.,,
200295,German,The woman goes with the child.,Die Frau geht mit dem Kind.,,
200296,German,from / out of,aus,,
200297,German,from the house,aus dem Haus,,
200298,German,from the school,aus der Schule,,
200299,German,The man comes from the house.,Der Mann kommt aus dem Haus.,,
200300,German,to come,kommen,,
200301,German,I come.,Ich komme.,,
200302,German,You come. (singular informal),Du kommst.,,
200303,German,The woman comes.,Die Frau kommt.,,
200304,German,We come.,Wir kommen.,,
200305,German,to help,helfen,,
200306,German,I help the man.,Ich helfe dem Mann.,,
200307,German,The woman helps the child.,Die Frau hilft dem Kind.,,
200308,German,We help the woman.,Wir helfen der Frau.,,
200309,German,me (dative),mir,,
200310,German,you (dative singular informal),dir,,
200311,German,him (dative),ihm,,
200312,German,her (dative),ihr,,
200313,German,us (dative),uns,,
200314,German,you (dative plural informal),euch,,
200315,German,The man helps me.,Der Mann hilft mir.,,
200316,German,I help you. (singular informal),Ich helfe dir.,,
200317,German,The woman helps him.,Die Frau hilft ihm.,,
200318,German,The child helps her.,Das Kind hilft ihr.,,
200319,German,They help us.,Sie helfen uns.,,
200320,German,to give,geben,,
200321,German,I give the child the book.,Ich gebe dem Kind das Buch.,,
200322,German,The woman gives the man the apple.,Die Frau gibt dem Mann den Apfel.,,
200323,German,We give the woman the book.,Wir geben der Frau das Buch.,,
200324,German,You give me the book. (singular informal),Du gibst mir das Buch.,,
200325,German,for,für,,
200326,German,for the man,für den Mann,,
200327,German,for the woman,für die Frau,,
200328,German,I buy the book for the child.,Ich kaufe das Buch für das Kind.,,
200329,German,The woman buys a cake for the man.,Die Frau kauft einen Kuchen für den Mann.,,
200330,German,without,ohne,,
200331,German,without the car,ohne das Auto,,
200332,German,without the man,ohne den Mann,,
200333,German,We go without the car.,Wir gehen ohne das Auto.,,
200334,German,at / by,bei,,
200335,German,at the woman's place,bei der Frau,,
200336,German,at the man's place,bei dem Mann,,
200337,German,The child is at the woman's place.,Das Kind ist bei der Frau.,,
200338,German,We are at the man's place.,Wir sind bei dem Mann.,,
